{"flutter":{"platforms":{"android":{"default":{"projectId":"medassist-915cb","appId":"1:440306170330:android:57153da6bbb2db5ce0e8e3","fileOutput":"android/app/google-services.json"}},"dart":{"lib/firebase_options.dart":{"projectId":"medassist-915cb","configurations":{"android":"1:440306170330:android:57153da6bbb2db5ce0e8e3","ios":"1:440306170330:ios:c8adb6c44dcddc08e0e8e3","macos":"1:440306170330:ios:c8adb6c44dcddc08e0e8e3","web":"1:440306170330:web:8781d67e2d0334ede0e8e3","windows":"1:440306170330:web:47f7e313e9ed1fd7e0e8e3"}}}}}}