{
  "project_info": {
    "project_number": "440306170330",
    "project_id": "medassist-915cb",
    "storage_bucket": "medassist-915cb.firebasestorage.app"
  },
  "client": [
    {
      "client_info": {
        "mobilesdk_app_id": "1:440306170330:android:57153da6bbb2db5ce0e8e3",
        "android_client_info": {
          "package_name": "com.example.medassist"
        }
      },
      "oauth_client": [],
      "api_key": [
        {
          "current_key": "AIzaSyAdzwAUD_Wf5rZTn-OQ-ypQ_4DZ1SngUag"
        }
      ],
      "services": {
        "appinvite_service": {
          "other_platform_oauth_client": []
        }
      }
    }
  ],
  "configuration_version": "1"
}